score_hidden,score_train,unixtime,user,dt,comment
0.035416666666666666,0.0328125,1653467263.986875,c7031194,2022-05-25 08:27,
